Chamber,Start Time,End Time
Neither,0,80.0
SC,80.0,529.5333333333333
SC,529.5333333333333,546.8
SC,546.8,634.5666666666667
SC,634.5666666666667,729.9
Neither,729.9,735.6666666666666
SC,735.6666666666666,753.6333333333333
SC,753.6333333333333,905.7333333333333
