SC Duration,SC Start,NSC Duration,NSC Start
20.20253164556962,0,9.436708860759493,20.20253164556962
