Chamber,Start Time,End Time
Neither,0,320.06666666666666
NSC,320.06666666666666,513.3666666666667
NSC,513.3666666666667,663.7
Neither,663.7,672.8
NSC,672.8,681.7
NSC,681.7,902.9333333333333
