Chamber,Start Time,End Time
SC,0,57.733333333333334
SC,57.733333333333334,171.23333333333332
SC,171.23333333333332,516.1666666666666
SC,516.1666666666666,614.1333333333333
SC,614.1333333333333,751.5666666666667
Neither,751.5666666666667,765.8666666666667
NSC,765.8666666666667,832.6
SC,832.6,888.0333333333333
SC,888.0333333333333,902.9333333333333
