Chamber,Start Time,End Time,Average Time
Neither,0,194.43333333333334,467.20000000000005
Neither,194.43333333333334,934.4,467.20000000000005
