Chamber,Start Time,End Time,Average Time
Neither,0,194.13333333333333,467.05
NSC,194.13333333333333,194.43333333333334,0.30000000000001137
Neither,194.43333333333334,934.4,467.05
